{"_wandb":{"runtime":14},"_timestamp":1.7523944910656886e+09,"_runtime":14.439092899,"_step":1,"eval/eval_loss":6.789752006530762,"eval/perplexity":888.6931444047563,"eval/mse":0.0001660933339735493}