{"loss":4.708920955657959,"_timestamp":1.7523951045192869e+09,"_runtime":100.752697084,"eval/eval_loss":6.789752006530762,"eval/mse":0.0001660933339735493,"batch_time":0.09349656105041504,"_step":900,"eval/perplexity":888.6931444047563,"lr":1.8000000000000001e-06,"_wandb":{"runtime":100}}