{"_timestamp":1.7523965789229956e+09,"_runtime":17.132684899,"_step":1,"_wandb":{"runtime":17},"eval/eval_loss":6.789752006530762,"eval/perplexity":888.6931444047563,"eval/mse":0.0001660933339735493}