{"_step":1,"eval/eval_loss":6.789752006530762,"_wandb":{"runtime":19},"eval/perplexity":888.6931444047563,"eval/mse":0.0001660933339735493,"_timestamp":1.752394246322305e+09,"_runtime":19.320563654}