{"_step":1,"eval/eval_loss":6.9423136711120605,"eval/perplexity":1035.1624719529368,"eval/mse":0.00011278694000793621,"_timestamp":1.7524930004096327e+09,"_runtime":117.252568198,"_wandb":{"runtime":117}}